<?xml version="1.0" encoding="utf-8" standalone="yes" ?>
<rss version="2.0" xmlns:atom="http://www.w3.org/2005/Atom">
  <channel>
    <title>2 | </title>
    <link>http://localhost:1313/publication-type/2/</link>
      <atom:link href="http://localhost:1313/publication-type/2/index.xml" rel="self" type="application/rss+xml" />
    <description>2</description>
    <generator>Hugo Blox Builder (https://hugoblox.com)</generator><language>en-us</language><lastBuildDate>Mon, 01 Jan 2024 00:00:00 +0000</lastBuildDate>
    <image>
      <url>http://localhost:1313/media/icon_hu0b7a4cb9992c9ac0e91bd28ffd38dd00_9727_512x512_fill_lanczos_center_3.png</url>
      <title>2</title>
      <link>http://localhost:1313/publication-type/2/</link>
    </image>
    
    <item>
      <title>Propositions Formalized in Chu Spaces</title>
      <link>http://localhost:1313/publication/zhongpropositions/</link>
      <pubDate>Mon, 01 Jan 2024 00:00:00 +0000</pubDate>
      <guid>http://localhost:1313/publication/zhongpropositions/</guid>
      <description></description>
    </item>
    
    <item>
      <title>Quantum Entanglement: An Analysis via the Orthogonality Relation</title>
      <link>http://localhost:1313/publication/zhong-2023-quantum/</link>
      <pubDate>Sun, 01 Jan 2023 00:00:00 +0000</pubDate>
      <guid>http://localhost:1313/publication/zhong-2023-quantum/</guid>
      <description></description>
    </item>
    
    <item>
      <title>Propositional Logic and Modal Logic-A Connection via Relational Semantics</title>
      <link>http://localhost:1313/publication/zhongpropositional/</link>
      <pubDate>Sat, 01 Jan 2022 00:00:00 +0000</pubDate>
      <guid>http://localhost:1313/publication/zhongpropositional/</guid>
      <description></description>
    </item>
    
  </channel>
</rss>
