<?xml version="1.0" encoding="utf-8" standalone="yes" ?>
<rss version="2.0" xmlns:atom="http://www.w3.org/2005/Atom">
  <channel>
    <title>Article | Academic</title>
    <link>http://localhost:1313/publication-type/article/</link>
      <atom:link href="http://localhost:1313/publication-type/article/index.xml" rel="self" type="application/rss+xml" />
    <description>Article</description>
    <generator>Hugo Blox Builder (https://hugoblox.com)</generator><language>en-us</language><lastBuildDate>Sun, 07 Apr 2019 00:00:00 +0000</lastBuildDate>
    <image>
      <url>http://localhost:1313/media/icon_hu0b7a4cb9992c9ac0e91bd28ffd38dd00_9727_512x512_fill_lanczos_center_3.png</url>
      <title>Article</title>
      <link>http://localhost:1313/publication-type/article/</link>
    </image>
    
    <item>
      <title>An example preprint / working paper</title>
      <link>http://localhost:1313/publication/preprint/</link>
      <pubDate>Sun, 07 Apr 2019 00:00:00 +0000</pubDate>
      <guid>http://localhost:1313/publication/preprint/</guid>
      <description>&lt;div class=&#34;alert alert-note&#34;&gt;
  &lt;div&gt;
    Create your slides in Markdown - click the &lt;em&gt;Slides&lt;/em&gt; button to check out the example.
  &lt;/div&gt;
&lt;/div&gt;
&lt;p&gt;Add the publication&amp;rsquo;s &lt;strong&gt;full text&lt;/strong&gt; or &lt;strong&gt;supplementary notes&lt;/strong&gt; here. You can use rich formatting such as including &lt;a href=&#34;https://docs.hugoblox.com/content/writing-markdown-latex/&#34; target=&#34;_blank&#34; rel=&#34;noopener&#34;&gt;code, math, and images&lt;/a&gt;.&lt;/p&gt;
</description>
    </item>
    
  </channel>
</rss>
