
    
    
    
    
    
    
    
    
    
    
    [{"authors":null,"categories":null,"content":"I am an assistant professor of Center of Logic, Language, and Cognition at Peking University. My research interests include ?, ? and ?.\n","date":1607817600,"expirydate":-62135596800,"kind":"term","lang":"en","lastmod":1607817600,"objectID":"2525497d367e79493fd32b198b28f040","permalink":"","publishdate":"0001-01-01T00:00:00Z","relpermalink":"","section":"authors","summary":"I am an assistant professor of Center of Logic, Language, and Cognition at Peking University. My research interests include ?, ? and ?.","tags":null,"title":"Shengyang Zhong","type":"authors"},{"authors":[],"categories":null,"content":" Click on the Slides button above to view the built-in slides feature. Slides can be added in a few ways:\nCreate slides using Hugo Blox Builder’s Slides feature and link using slides parameter in the front matter of the talk file Upload an existing slide deck to static/ and link using url_slides parameter in the front matter of the talk file Embed your slides (e.g. Google Slides) or presentation video on this page using shortcodes. Further event details, including page elements such as image galleries, can be added to the body of this page.\n","date":1906549200,"expirydate":-62135596800,"kind":"page","lang":"en","lastmod":1906549200,"objectID":"a8edef490afe42206247b6ac05657af0","permalink":"http://localhost:1313/talk/example-talk/","publishdate":"2017-01-01T00:00:00Z","relpermalink":"/talk/example-talk/","section":"event","summary":"An example talk using Hugo Blox Builder's Markdown slides feature.","tags":[],"title":"Example Talk","type":"event"},{"authors":["Shengyang Zhong"],"categories":[],"content":"","date":1704067200,"expirydate":-62135596800,"kind":"page","lang":"en","lastmod":1716102593,"objectID":"688ca6b2fed3d55f4a743d5cbc8a6060","permalink":"http://localhost:1313/publication/zhongpropositions/","publishdate":"2024-05-19T07:09:52.906118Z","relpermalink":"/publication/zhongpropositions/","section":"publication","summary":"","tags":[],"title":"Propositions Formalized in Chu Spaces","type":"publication"},{"authors":null,"categories":null,"content":"from IPython.core.display import Image Image(\u0026#39;https://www.python.org/static/community_logos/python-logo-master-v3-TM-flattened.png\u0026#39;) print(\u0026#34;Welcome to Academic!\u0026#34;) Welcome to Academic!\rOrganize your notebooks Place the notebooks that you would like to publish in a notebooks folder at the root of your website.\nImport the notebooks into your site pipx install academic academic import \u0026#39;notebooks/**.ipynb\u0026#39; content/post/ --verbose The notebooks will be published to the folder you specify above. In this case, they will be published to your content/post/ folder.\n","date":1699056000,"expirydate":-62135596800,"kind":"page","lang":"en","lastmod":1699056000,"objectID":"94fa5e486d3bf3e0941e2ff6e7126c06","permalink":"http://localhost:1313/post/blog-with-jupyter/","publishdate":"2023-11-04T00:00:00Z","relpermalink":"/post/blog-with-jupyter/","section":"post","summary":"Easily blog from Jupyter notebooks!","tags":null,"title":"Blog with Jupyter Notebooks!","type":"post"},{"authors":["Shengyang Zhong"],"categories":[],"content":"","date":1672531200,"expirydate":-62135596800,"kind":"page","lang":"en","lastmod":1716102593,"objectID":"b91c25e445bbaea64b2db2cdef1c4a4b","permalink":"http://localhost:1313/publication/zhong-2023-quantum/","publishdate":"2024-05-19T07:09:53.249836Z","relpermalink":"/publication/zhong-2023-quantum/","section":"publication","summary":"","tags":[],"title":"Quantum Entanglement: An Analysis via the Orthogonality Relation","type":"publication"},{"authors":["Shengyang Zhong"],"categories":[],"content":"","date":1640995200,"expirydate":-62135596800,"kind":"page","lang":"en","lastmod":1716102593,"objectID":"d3ed830dc91cb22e518996cfbb9b8d4c","permalink":"http://localhost:1313/publication/zhongpropositional/","publishdate":"2024-05-19T07:09:53.576272Z","relpermalink":"/publication/zhongpropositional/","section":"publication","summary":"","tags":[],"title":"Propositional Logic and Modal Logic-A Connection via Relational Semantics","type":"publication"},{"authors":["Shengyang Zhong","吳恩達"],"categories":["Demo","教程"],"content":"import libr print(\u0026#39;hello\u0026#39;) Overview The Wowchemy website builder for Hugo, along with its starter templates, is designed for professional creators, educators, and teams/organizations - although it can be used to create any kind of site The template can be modified and customised to suit your needs. It’s a good platform for anyone looking to take control of their data and online identity whilst having the convenience to start off with a no-code solution (write in Markdown and customize with YAML parameters) and having flexibility to later add even deeper personalization with HTML and CSS You can work with all your favourite tools and apps with hundreds of plugins and integrations to speed up your workflows, interact with your readers, and much more Get Started 👉 Create a new site 📚 Personalize your site 💬 Chat with the Wowchemy community or Hugo community 🐦 Twitter: @wowchemy @GeorgeCushen #MadeWithWowchemy 💡 Request a feature or report a bug for Wowchemy ⬆️ Updating Wowchemy? View the Update Tutorial and Release Notes Crowd-funded open-source software To help us develop this template and software sustainably under the MIT license, we ask all individuals and businesses that use it to help support its ongoing maintenance and development via sponsorship.\n❤️ Click here to become a sponsor and help support Wowchemy’s future ❤️ As a token of appreciation for sponsoring, you can unlock these awesome rewards and extra features 🦄✨\nEcosystem Hugo Academic CLI: Automatically import publications from BibTeX Inspiration Check out the latest demo of what you’ll get in less than 10 minutes, or view the showcase of personal, project, and business sites.\nFeatures Page builder - Create anything with widgets and elements Edit any type of content - Blog posts, publications, talks, slides, projects, and more! Create content in Markdown, Jupyter, or RStudio Plugin System - Fully customizable color and font themes Display Code and Math - Code highlighting and LaTeX math supported Integrations - Google Analytics, Disqus commenting, Maps, Contact Forms, and more! Beautiful Site - Simple and refreshing one page design Industry-Leading SEO - Help get your website found on search engines and social media Media Galleries - Display your images and videos with captions in a customizable gallery Mobile Friendly - Look amazing on every screen with a mobile friendly version of your site Multi-language - 34+ language packs including English, 中文, and Português Multi-user - Each author gets their own profile page Privacy Pack - Assists with GDPR Stand Out - Bring your site to life with animation, parallax backgrounds, and scroll effects One-Click Deployment - No servers. No databases. Only files. Themes Wowchemy and its templates come with automatic day (light) and night (dark) mode built-in. Alternatively, visitors can choose their preferred mode - click the moon icon in the top right of the Demo to see it in action! Day/night mode can also be disabled by the site admin in params.toml.\nChoose a stunning theme and font for your site. Themes are fully customizable.\nLicense Copyright 2016-present George Cushen.\nReleased under the MIT license.\n","date":1607817600,"expirydate":-62135596800,"kind":"page","lang":"en","lastmod":1607817600,"objectID":"279b9966ca9cf3121ce924dca452bb1c","permalink":"http://localhost:1313/post/getting-started/","publishdate":"2020-12-13T00:00:00Z","relpermalink":"/post/getting-started/","section":"post","summary":"Welcome 👋 We know that first impressions are important, so we've populated your new site with some initial content to help you get familiar with everything in no time.","tags":["Academic","开源"],"title":"Welcome to Hugo Blox Builder, the website builder for Hugo","type":"post"},{"authors":null,"categories":null,"content":"Hugo Blox Builder is designed to give technical content creators a seamless experience. You can focus on the content and Wowchemy handles the rest.\nHighlight your code snippets, take notes on math classes, and draw diagrams from textual representation.\nOn this page, you’ll find some examples of the types of technical content that can be rendered with Wowchemy.\nExamples Code Wowchemy supports a Markdown extension for highlighting code syntax. You can customize the styles under the syntax_highlighter option in your config/_default/params.yaml file.\n```python\rimport pandas as pd\rdata = pd.read_csv(\u0026#34;data.csv\u0026#34;)\rdata.head()\r```\rrenders as\nimport pandas as pd data = pd.read_csv(\u0026#34;data.csv\u0026#34;) data.head() Mindmaps Wowchemy supports a Markdown extension for mindmaps.\nSimply insert a Markdown markmap code block and optionally set the height of the mindmap as shown in the example below.\nA simple mindmap defined as a Markdown list:\n```markmap {height=\u0026#34;200px\u0026#34;}\r- Hugo Modules\r- wowchemy\r- blox-plugins-netlify\r- blox-plugins-netlify-cms\r- blox-plugins-reveal\r```\rrenders as\n- Hugo Modules\r- wowchemy\r- blox-plugins-netlify\r- blox-plugins-netlify-cms\r- blox-plugins-reveal A more advanced mindmap with formatting, code blocks, and math:\n```markmap\r- Mindmaps\r- Links\r- [Wowchemy Docs](https://docs.hugoblox.com/)\r- [Discord Community](https://discord.gg/z8wNYzb)\r- [GitHub](https://github.com/HugoBlox/hugo-blox-builder)\r- Features\r- Markdown formatting\r- **inline** ~~text~~ *styles*\r- multiline\rtext\r- `inline code`\r-\r```js\rconsole.log(\u0026#39;hello\u0026#39;);\rconsole.log(\u0026#39;code block\u0026#39;);\r```\r- Math: $x = {-b \\pm \\sqrt{b^2-4ac} \\over 2a}$\r```\rrenders as\n- Mindmaps\r- Links\r- [Wowchemy Docs](https://docs.hugoblox.com/)\r- [Discord Community](https://discord.gg/z8wNYzb)\r- [GitHub](https://github.com/HugoBlox/hugo-blox-builder)\r- Features\r- Markdown formatting\r- **inline** ~~text~~ *styles*\r- multiline\rtext\r- `inline code`\r-\r```js\rconsole.log(\u0026#39;hello\u0026#39;);\rconsole.log(\u0026#39;code block\u0026#39;);\r```\r- Math: $x = {-b \\pm \\sqrt{b^2-4ac} \\over 2a}$ Charts Wowchemy supports the popular Plotly format for interactive charts.\nSave your Plotly JSON in your page folder, for example line-chart.json, and then add the {{\u0026lt; chart data=\u0026#34;line-chart\u0026#34; \u0026gt;}} shortcode where you would like the chart to appear.\nDemo:\nYou might also find the Plotly JSON Editor useful.\nMath Wowchemy supports a Markdown extension for $\\LaTeX$ math. You can enable this feature by toggling the math option in your config/_default/params.yaml file.\nTo render inline or block math, wrap your LaTeX math with {{\u0026lt; math \u0026gt;}}$...${{\u0026lt; /math \u0026gt;}} or {{\u0026lt; math \u0026gt;}}$$...$${{\u0026lt; /math \u0026gt;}}, respectively. (We wrap the LaTeX math in the Wowchemy math shortcode to prevent Hugo rendering our math as Markdown. The math shortcode is new in v5.5-dev.)\nExample math block:\n{{\u0026lt; math \u0026gt;}} $$ \\gamma_{n} = \\frac{ \\left | \\left (\\mathbf x_{n} - \\mathbf x_{n-1} \\right )^T \\left [\\nabla F (\\mathbf x_{n}) - \\nabla F (\\mathbf x_{n-1}) \\right ] \\right |}{\\left \\|\\nabla F(\\mathbf{x}_{n}) - \\nabla F(\\mathbf{x}_{n-1}) \\right \\|^2} $$ {{\u0026lt; /math \u0026gt;}} renders as\n$$\\gamma_{n} = \\frac{ \\left | \\left (\\mathbf x_{n} - \\mathbf x_{n-1} \\right )^T \\left [\\nabla F (\\mathbf x_{n}) - \\nabla F (\\mathbf x_{n-1}) \\right ] \\right |}{\\left \\|\\nabla F(\\mathbf{x}_{n}) - \\nabla F(\\mathbf{x}_{n-1}) \\right \\|^2}$$\rExample inline math {{\u0026lt; math \u0026gt;}}$\\nabla F(\\mathbf{x}_{n})${{\u0026lt; /math \u0026gt;}} renders as $\\nabla F(\\mathbf{x}_{n})$.\nExample multi-line math using the math linebreak (\\\\):\n{{\u0026lt; math \u0026gt;}} $$f(k;p_{0}^{*}) = \\begin{cases}p_{0}^{*} \u0026amp; \\text{if }k=1, \\\\ 1-p_{0}^{*} \u0026amp; \\text{if }k=0.\\end{cases}$$ {{\u0026lt; /math \u0026gt;}} renders as\n$$\rf(k;p_{0}^{*}) = \\begin{cases}p_{0}^{*} \u0026amp; \\text{if }k=1, \\\\\r1-p_{0}^{*} \u0026amp; \\text{if }k=0.\\end{cases}\r$$\rDiagrams Wowchemy supports a Markdown extension for diagrams. You can enable this feature by toggling the diagram option in your config/_default/params.toml file or by adding diagram: true to your page front matter.\nAn example flowchart:\n```mermaid\rgraph TD\rA[Hard] --\u0026gt;|Text| B(Round)\rB --\u0026gt; C{Decision}\rC --\u0026gt;|One| D[Result 1]\rC --\u0026gt;|Two| E[Result 2]\r```\rrenders as\ngraph TD\rA[Hard] --\u0026gt;|Text| B(Round)\rB --\u0026gt; C{Decision}\rC --\u0026gt;|One| D[Result 1]\rC --\u0026gt;|Two| E[Result 2] An example sequence diagram:\n```mermaid\rsequenceDiagram\rAlice-\u0026gt;\u0026gt;John: Hello John, how are you?\rloop Healthcheck\rJohn-\u0026gt;\u0026gt;John: Fight against hypochondria\rend\rNote right of John: Rational thoughts!\rJohn--\u0026gt;\u0026gt;Alice: Great!\rJohn-\u0026gt;\u0026gt;Bob: How about you?\rBob--\u0026gt;\u0026gt;John: Jolly good!\r```\rrenders as\nsequenceDiagram\rAlice-\u0026gt;\u0026gt;John: Hello John, how are you?\rloop Healthcheck\rJohn-\u0026gt;\u0026gt;John: Fight against hypochondria\rend\rNote right of John: Rational thoughts!\rJohn--\u0026gt;\u0026gt;Alice: Great!\rJohn-\u0026gt;\u0026gt;Bob: How about you?\rBob--\u0026gt;\u0026gt;John: Jolly good! An example Gantt diagram:\n```mermaid\rgantt\rsection Section\rCompleted :done, des1, 2014-01-06,2014-01-08\rActive :active, des2, 2014-01-07, 3d\rParallel 1 : des3, after des1, 1d\rParallel 2 : des4, after des1, 1d\rParallel 3 : des5, after des3, 1d\rParallel 4 : des6, after des4, 1d\r```\rrenders as\ngantt\rsection …","date":1562889600,"expirydate":-62135596800,"kind":"page","lang":"en","lastmod":1562889600,"objectID":"07e02bccc368a192a0c76c44918396c3","permalink":"http://localhost:1313/post/writing-technical-content/","publishdate":"2019-07-12T00:00:00Z","relpermalink":"/post/writing-technical-content/","section":"post","summary":"Hugo Blox Builder is designed to give technical content creators a seamless experience. You can focus on the content and Wowchemy handles the rest.\nHighlight your code snippets, take notes on math classes, and draw diagrams from textual representation.","tags":null,"title":"Writing technical content in Markdown","type":"post"},{"authors":[],"categories":[],"content":"Create slides in Markdown with Hugo Blox Builder Hugo Blox Builder | Documentation\nFeatures Efficiently write slides in Markdown 3-in-1: Create, Present, and Publish your slides Supports speaker notes Mobile friendly slides Controls Next: Right Arrow or Space Previous: Left Arrow Start: Home Finish: End Overview: Esc Speaker notes: S Fullscreen: F Zoom: Alt + Click PDF Export Code Highlighting Inline code: variable\nCode block:\nporridge = \u0026#34;blueberry\u0026#34; if porridge == \u0026#34;blueberry\u0026#34;: print(\u0026#34;Eating...\u0026#34;) Math In-line math: $x + y = z$\nBlock math:\n$$ f\\left( x \\right) = ;\\frac{{2\\left( {x + 4} \\right)\\left( {x - 4} \\right)}}{{\\left( {x + 4} \\right)\\left( {x + 1} \\right)}} $$\nFragments Make content appear incrementally\n{{% fragment %}} One {{% /fragment %}} {{% fragment %}} **Two** {{% /fragment %}} {{% fragment %}} Three {{% /fragment %}} Press Space to play!\nOne Two Three A fragment can accept two optional parameters:\nclass: use a custom style (requires definition in custom CSS) weight: sets the order in which a fragment appears Speaker Notes Add speaker notes to your presentation\n{{% speaker_note %}} - Only the speaker can read these notes - Press `S` key to view {{% /speaker_note %}} Press the S key to view the speaker notes!\nOnly the speaker can read these notes Press S key to view Themes black: Black background, white text, blue links (default) white: White background, black text, blue links league: Gray background, white text, blue links beige: Beige background, dark text, brown links sky: Blue background, thin dark text, blue links night: Black background, thick white text, orange links serif: Cappuccino background, gray text, brown links simple: White background, black text, blue links solarized: Cream-colored background, dark green text, blue links Custom Slide Customize the slide style and background\n{{\u0026lt; slide background-image=\u0026#34;/media/boards.jpg\u0026#34; \u0026gt;}} {{\u0026lt; slide background-color=\u0026#34;#0000FF\u0026#34; \u0026gt;}} {{\u0026lt; slide class=\u0026#34;my-style\u0026#34; \u0026gt;}} Custom CSS Example Let’s make headers navy colored.\nCreate assets/css/reveal_custom.css with:\n.reveal section h1, .reveal section h2, .reveal section h3 { color: navy; } Questions? Ask\nDocumentation\n","date":1549324800,"expirydate":-62135596800,"kind":"page","lang":"en","lastmod":1549324800,"objectID":"0e6de1a61aa83269ff13324f3167c1a9","permalink":"http://localhost:1313/slides/example/","publishdate":"2019-02-05T00:00:00Z","relpermalink":"/slides/example/","section":"slides","summary":"An introduction to using Hugo Blox Builder's Slides feature.","tags":[],"title":"Slides","type":"slides"},{"authors":null,"categories":null,"content":"Lorem ipsum dolor sit amet, consectetur adipiscing elit. Duis posuere tellus ac convallis placerat. Proin tincidunt magna sed ex sollicitudin condimentum. Sed ac faucibus dolor, scelerisque sollicitudin nisi. Cras purus urna, suscipit quis sapien eu, pulvinar tempor diam. Quisque risus orci, mollis id ante sit amet, gravida egestas nisl. Sed ac tempus magna. Proin in dui enim. Donec condimentum, sem id dapibus fringilla, tellus enim condimentum arcu, nec volutpat est felis vel metus. Vestibulum sit amet erat at nulla eleifend gravida.\nNullam vel molestie justo. Curabitur vitae efficitur leo. In hac habitasse platea dictumst. Sed pulvinar mauris dui, eget varius purus congue ac. Nulla euismod, lorem vel elementum dapibus, nunc justo porta mi, sed tempus est est vel tellus. Nam et enim eleifend, laoreet sem sit amet, elementum sem. Morbi ut leo congue, maximus velit ut, finibus arcu. In et libero cursus, rutrum risus non, molestie leo. Nullam congue quam et volutpat malesuada. Sed risus tortor, pulvinar et dictum nec, sodales non mi. Phasellus lacinia commodo laoreet. Nam mollis, erat in feugiat consectetur, purus eros egestas tellus, in auctor urna odio at nibh. Mauris imperdiet nisi ac magna convallis, at rhoncus ligula cursus.\nCras aliquam rhoncus ipsum, in hendrerit nunc mattis vitae. Duis vitae efficitur metus, ac tempus leo. Cras nec fringilla lacus. Quisque sit amet risus at ipsum pharetra commodo. Sed aliquam mauris at consequat eleifend. Praesent porta, augue sed viverra bibendum, neque ante euismod ante, in vehicula justo lorem ac eros. Suspendisse augue libero, venenatis eget tincidunt ut, malesuada at lorem. Donec vitae bibendum arcu. Aenean maximus nulla non pretium iaculis. Quisque imperdiet, nulla in pulvinar aliquet, velit quam ultrices quam, sit amet fringilla leo sem vel nunc. Mauris in lacinia lacus.\nSuspendisse a tincidunt lacus. Curabitur at urna sagittis, dictum ante sit amet, euismod magna. Sed rutrum massa id tortor commodo, vitae elementum turpis tempus. Lorem ipsum dolor sit amet, consectetur adipiscing elit. Aenean purus turpis, venenatis a ullamcorper nec, tincidunt et massa. Integer posuere quam rutrum arcu vehicula imperdiet. Mauris ullamcorper quam vitae purus congue, quis euismod magna eleifend. Vestibulum semper vel augue eget tincidunt. Fusce eget justo sodales, dapibus odio eu, ultrices lorem. Duis condimentum lorem id eros commodo, in facilisis mauris scelerisque. Morbi sed auctor leo. Nullam volutpat a lacus quis pharetra. Nulla congue rutrum magna a ornare.\nAliquam in turpis accumsan, malesuada nibh ut, hendrerit justo. Cum sociis natoque penatibus et magnis dis parturient montes, nascetur ridiculus mus. Quisque sed erat nec justo posuere suscipit. Donec ut efficitur arcu, in malesuada neque. Nunc dignissim nisl massa, id vulputate nunc pretium nec. Quisque eget urna in risus suscipit ultricies. Pellentesque odio odio, tincidunt in eleifend sed, posuere a diam. Nam gravida nisl convallis semper elementum. Morbi vitae felis faucibus, vulputate orci placerat, aliquet nisi. Aliquam erat volutpat. Maecenas sagittis pulvinar purus, sed porta quam laoreet at.\n","date":1461715200,"expirydate":-62135596800,"kind":"page","lang":"en","lastmod":1461715200,"objectID":"e8f8d235e8e7f2efd912bfe865363fc3","permalink":"http://localhost:1313/project/example/","publishdate":"2016-04-27T00:00:00Z","relpermalink":"/project/example/","section":"project","summary":"An example of using the in-built project page.","tags":["Deep Learning"],"title":"Example Project","type":"project"},{"authors":null,"categories":null,"content":"","date":1461715200,"expirydate":-62135596800,"kind":"page","lang":"en","lastmod":1461715200,"objectID":"d1311ddf745551c9e117aa4bb7e28516","permalink":"http://localhost:1313/project/external-project/","publishdate":"2016-04-27T00:00:00Z","relpermalink":"/project/external-project/","section":"project","summary":"An example of linking directly to an external project website using `external_link`.","tags":["Demo"],"title":"External Project","type":"project"}]